-- ==================================================
-- SCRIPT DE CARGA DE DATOS (OPTIMIZADO / COMPACTO)
-- ==================================================
USE Gestion_Arbolado_Publico;
GO

-- 1. CARGA DE CATÁLOGOS (Inserts Múltiples)

INSERT INTO Calles (Nombre_Calle) VALUES 
('San Martín'), ('Córdoba'), ('Oroño'), ('Pellegrini'), ('Roca'), ('Mitre'), ('Sarmiento'), ('Belgrano'), ('Rioja'), ('Laprida');

INSERT INTO Tipos_Espacios (Descripcion) VALUES 
('Parque'), ('Plaza');

INSERT INTO Espacios_Verdes (Nombre_Espacio, ID_Tipo_Espacio) VALUES 
('Parque Independencia', 1),
('Plaza San Martín', 2),
('Parque España', 1),
('Plaza 25 de Mayo', 2),
('Plaza Pringles', 2);

INSERT INTO Especies (Nombre_Comun, Nombre_Cientifico) VALUES 
('Jacarandá', 'Jacaranda mimosifolia'),
('Lapacho', 'Handroanthus impetiginosus'),
('Ceibo', 'Erythrina crista-galli'),
('Tipa', 'Tipuana tipu'),
('Palo Borracho', 'Ceiba speciosa');

INSERT INTO Indicadores_Salud (Descripcion) VALUES 
('Sano'), ('Enfermo'), ('Seco'), ('En riesgo'), ('Muerto');

INSERT INTO Tipos_Tareas (Descripcion) VALUES 
('Poda'), ('Extracción'), ('Plantación'), ('Curación'), ('Riego');

INSERT INTO Motivos_Reclamos (Descripcion) VALUES 
('Árbol seco'), ('Raíces levantando vereda'), ('Ramas peligrosas'), ('Obstrucción visual'), ('Caída de ramas');

INSERT INTO Cuadrillas (Cod_Cuadrilla) VALUES 
('CUA-001'), ('CUA-002'), ('CUA-003');

-- 2. CARGA DE UBICACIONES Y EMPLEADOS

-- Ubicaciones (Calles 1-10 y Espacios 11-15)
INSERT INTO Ubicacion (ID_Calle, ID_Espacio, Altura_Calle) VALUES 
(1, NULL, '2767'), (2, NULL, '3495'), (3, NULL, '290'), (4, NULL, '1387'), (5, NULL, '2459'),
(6, NULL, '3457'), (7, NULL, '2256'), (8, NULL, '2153'), (9, NULL, '1640'), (10, NULL, '1719'),
(NULL, 1, NULL), (NULL, 2, NULL), (NULL, 3, NULL), (NULL, 4, NULL), (NULL, 5, NULL);

-- Empleados
INSERT INTO Empleados (ID_Cuadrilla, Nombre, Apellido, CUIL, Fecha_Ingreso, Num_Tel) VALUES 
(1, 'Juan', 'Pérez', '20-11064120-0', '2020-10-15', '341-2196178'),
(2, 'Pedro', 'Gómez', '20-96204858-1', '2021-10-02', '341-4388471'),
(3, 'María', 'López', '20-42034644-2', '2020-12-09', '341-9892633'),
(1, 'Ana', 'Díaz', '20-20971980-3', '2021-06-23', '341-9448684'),
(2, 'Luis', 'Martínez', '20-63611768-4', '2020-05-17', '341-9357987'),
(3, 'Carlos', 'Rodríguez', '20-51745004-5', '2021-02-18', '341-1068866'),
(1, 'Sofía', 'Fernández', '20-38434607-6', '2021-02-26', '341-2152618'),
(2, 'Lucía', 'González', '20-96922996-7', '2022-07-01', '341-9718053'),
(3, 'Miguel', 'Sánchez', '20-61721748-8', '2022-06-16', '341-6671964'),
(1, 'Elena', 'Romero', '20-83652714-9', '2021-09-12', '341-8076065');

-- 3. CARGA DE ÁRBOLES Y REGISTROS

INSERT INTO Arboles (ID_Especie, ID_Ubicacion, Cod_Arbol, Coordenadas, Fecha_Plantacion) VALUES 
(3, 6, 'ARB-001', '-32.821596, -60.523112', '2019-01-10'),
(3, 2, 'ARB-002', '-32.807905, -60.583085', '2018-09-28'),
(2, 11, 'ARB-003', '-32.843983, -60.620444', '2011-11-19'),
(2, 6, 'ARB-004', '-32.948614, -60.682110', '2015-07-16'),
(1, 12, 'ARB-005', '-32.946343, -60.621442', '2013-07-09'),
(2, 7, 'ARB-006', '-32.865939, -60.515458', NULL),
(4, 8, 'ARB-007', '-32.895856, -60.613070', '2013-07-03'),
(5, 6, 'ARB-008', '-32.875347, -60.672466', '2016-12-28'),
(3, 7, 'ARB-009', '-32.922778, -60.664356', '2020-02-20'),
(3, 2, 'ARB-010', '-32.852000, -60.639532', NULL),
(5, 1, 'ARB-011', '-32.959810, -60.668779', '2012-08-07'),
(5, 9, 'ARB-012', '-32.845742, -60.643009', NULL),
(3, 10, 'ARB-013', '-32.909360, -60.642998', '2018-04-21'),
(5, 9, 'ARB-014', '-32.826041, -60.699749', '2016-05-31'),
(4, 10, 'ARB-015', '-32.818049, -60.685016', '2012-06-02'),
(1, 3, 'ARB-016', '-32.922351, -60.632042', '2010-03-05'),
(2, 10, 'ARB-017', '-32.805332, -60.663294', NULL),
(1, 8, 'ARB-018', '-32.970955, -60.592817', '2014-07-20'),
(5, 1, 'ARB-019', '-32.827783, -60.545770', '2010-05-06'),
(2, 5, 'ARB-020', '-32.926933, -60.511910', NULL),
(5, 9, 'ARB-021', '-32.851810, -60.612521', '2011-04-06'),
(3, 11, 'ARB-022', '-32.838976, -60.574011', NULL),
(2, 8, 'ARB-023', '-32.944788, -60.577004', '2020-02-19'),
(4, 13, 'ARB-024', '-32.852998, -60.694478', '2014-12-01'),
(3, 12, 'ARB-025', '-32.866238, -60.561371', '2016-12-06'),
(5, 9, 'ARB-026', '-32.968497, -60.602109', '2012-04-19'),
(3, 8, 'ARB-027', '-32.817149, -60.687836', NULL),
(4, 3, 'ARB-028', '-32.869177, -60.590862', '2019-11-18'),
(3, 4, 'ARB-029', '-32.821881, -60.635829', '2011-04-02'),
(2, 3, 'ARB-030', '-32.855543, -60.581362', '2014-06-24'),
(3, 13, 'ARB-031', '-32.900915, -60.696419', '2015-03-15'),
(3, 12, 'ARB-032', '-32.928580, -60.674073', NULL),
(2, 6, 'ARB-033', '-32.868255, -60.580682', '2015-02-20'),
(3, 9, 'ARB-034', '-32.819478, -60.662755', NULL),
(1, 6, 'ARB-035', '-32.957419, -60.521064', '2017-12-29'),
(3, 13, 'ARB-036', '-32.850135, -60.565983', '2020-02-16'),
(2, 13, 'ARB-037', '-32.950303, -60.683444', '2012-12-01'),
(3, 2, 'ARB-038', '-32.909317, -60.516847', '2020-07-07'),
(3, 5, 'ARB-039', '-32.896454, -60.583653', '2016-09-20'),
(2, 12, 'ARB-040', '-32.964148, -60.597526', '2017-05-31'),
(5, 5, 'ARB-041', '-32.886677, -60.652969', '2012-12-23'),
(5, 12, 'ARB-042', '-32.900349, -60.612447', '2012-03-27'),
(3, 13, 'ARB-043', '-32.876577, -60.523124', '2017-02-18'),
(3, 4, 'ARB-044', '-32.872915, -60.632834', '2013-01-30'),
(5, 13, 'ARB-045', '-32.979436, -60.508748', '2011-04-07'),
(4, 14, 'ARB-046', '-32.995665, -60.569250', NULL),
(3, 13, 'ARB-047', '-32.885638, -60.520040', NULL),
(1, 14, 'ARB-048', '-32.975170, -60.632914', '2020-05-28'),
(1, 9, 'ARB-049', '-32.893360, -60.699084', '2018-10-16'),
(2, 6, 'ARB-050', '-32.856733, -60.595812', '2020-04-23');

INSERT INTO Registros_Arboles (ID_Arbol, ID_Indicador, Altura, Fecha) VALUES 
(1, 4, 6.46, '2024-01-07'), (2, 1, 7.61, '2024-02-07'), (3, 3, NULL, '2024-03-02'),
(4, 1, 2.65, '2024-04-07'), (5, 4, 10.86, '2024-05-31'), (6, 1, 5.50, '2024-05-14'),
(7, 3, 2.95, '2024-03-14'), (8, 5, NULL, '2024-02-17'), (9, 5, 2.88, '2024-06-05'),
(10, 1, 9.24, '2024-06-26'), (11, 2, 5.36, '2024-06-19'), (12, 3, 3.77, '2024-09-30'),
(13, 1, NULL, '2024-08-23'), (14, 3, NULL, '2024-01-01'), (15, 1, 6.24, '2024-02-24'),
(16, 3, 6.69, '2024-03-09'), (17, 3, 2.10, '2024-03-08'), (18, 5, NULL, '2024-01-01'),
(19, 3, 6.78, '2024-10-14'), (20, 1, 4.53, '2024-01-16'), (21, 5, 10.77, '2024-08-15'),
(22, 5, 2.37, '2024-07-04'), (23, 2, 2.32, '2024-04-15'), (24, 2, 5.85, '2024-07-15'),
(25, 1, 13.33, '2024-03-21'), (26, 5, 12.59, '2024-07-23'), (27, 2, 2.10, '2024-02-12'),
(28, 4, 4.93, '2024-03-16'), (29, 1, 6.68, '2024-06-02'), (30, 3, 13.72, '2024-04-18'),
(31, 4, 9.57, '2024-09-27'), (32, 5, 8.52, '2024-05-01'), (33, 3, 2.11, '2024-06-30'),
(34, 4, 11.10, '2024-08-06'), (35, 1, NULL, '2024-02-09'), (36, 5, 13.69, '2024-05-15'),
(37, 3, 5.24, '2024-03-25'), (38, 1, 7.96, '2024-04-13'), (39, 3, 3.21, '2024-10-15'),
(40, 1, 2.18, '2024-04-23'), (41, 1, 2.10, '2024-08-12'), (42, 3, 7.79, '2024-09-21'),
(43, 3, NULL, '2024-10-05'), (44, 1, 12.31, '2024-04-13'), (45, 5, 2.61, '2024-10-13'),
(46, 2, 14.02, '2024-02-15'), (47, 4, 7.58, '2024-06-12'), (48, 5, NULL, '2024-07-26'),
(49, 5, 14.99, '2024-10-03'), (50, 3, 4.26, '2024-01-01');

-- 4. CARGA DE TAREAS Y ASIGNACIÓN A ÁRBOLES

INSERT INTO Tareas (ID_Tipo_Tarea, ID_Cuadrilla, Fecha_Planificada, Comentario, Fecha_Realizada) VALUES 
(1, 2, '2025-11-28', 'Tarea completada 1', '2025-12-01'),
(2, 1, '2025-11-28', 'Tarea completada 2', '2025-11-29'),
(3, 2, '2025-12-02', 'Tarea completada 3', '2025-12-04'),
(3, 1, '2025-11-15', NULL, NULL),
(5, 3, '2025-10-31', 'Tarea completada 5', '2025-11-03'),
(5, 3, '2025-10-22', 'Tarea completada 6', '2025-10-23'),
(2, 3, '2025-10-23', NULL, NULL),
(1, 3, '2025-11-15', 'Tarea completada 8', '2025-11-16'),
(3, 3, '2025-12-01', 'Tarea completada 9', '2025-12-05'),
(4, 3, '2025-12-08', 'Tarea completada 10', '2025-12-12'),
(1, 3, '2025-11-17', NULL, NULL),
(2, 3, '2025-12-08', 'Tarea completada 12', '2025-12-11'),
(1, 1, '2025-11-09', NULL, NULL),
(2, 1, '2025-11-06', 'Tarea completada 14', '2025-11-06'),
(5, 2, '2025-12-19', 'Tarea completada 15', '2025-12-20'),
(3, 1, '2025-10-06', NULL, NULL),
(1, 3, '2025-11-30', 'Tarea completada 17', '2025-12-04'),
(4, 3, '2025-11-02', 'Tarea completada 18', '2025-11-03'),
(4, 1, '2025-10-02', NULL, NULL),
(2, 3, '2025-11-15', 'Tarea completada 20', '2025-11-15');

INSERT INTO Tareas_Arboles (ID_Tarea, ID_Arbol) VALUES 
(1, 25), (2, 18), (3, 17), (4, 15), (5, 1), (6, 23), (7, 9), (8, 45), (9, 8), (10, 27),
(11, 48), (12, 18), (13, 3), (14, 36), (15, 7), (16, 28), (17, 33), (18, 4), (19, 36), (20, 15);

-- 5. CARGA DE RECLAMOS

INSERT INTO Reclamos (ID_Arbol, ID_Motivo, ID_Tarea, Fecha_Reclamo, Fecha_Asignacion, Mail) VALUES 
-- Reclamos asignados a tareas existentes
(25, 1, 1, '2025-10-01', '2025-10-05', 'vecino1@gmail.com'),
(18, 2, 2, '2025-10-10', '2025-10-12', 'vecino2@gmail.com'),
(17, 3, 3, '2025-10-15', '2025-10-20', 'vecino3@gmail.com'),
(15, 4, 4, '2025-10-18', '2025-10-25', 'vecino4@gmail.com'),
(1, 5, 5, '2025-10-20', '2025-10-22', 'vecino5@gmail.com'),
(23, 1, 6, '2025-10-25', '2025-10-28', 'vecino6@gmail.com'),
(9, 2, 7, '2025-10-28', '2025-11-01', 'vecino7@gmail.com'),
(45, 3, 8, '2025-11-01', '2025-11-05', 'vecino8@gmail.com'),
(8, 4, 9, '2025-11-05', '2025-11-10', 'vecino9@gmail.com'),
(27, 5, 10, '2025-11-10', '2025-11-15', 'vecino10@gmail.com'),
-- Reclamos sin asignar (NULL en Tarea y Asignación)
(5, 1, NULL, '2025-11-15', NULL, 'vecino11@gmail.com'),
(6, 2, NULL, '2025-11-20', NULL, 'vecino12@gmail.com'),
(10, 3, NULL, '2025-11-25', NULL, 'vecino13@gmail.com'),
(12, 4, NULL, '2025-11-28', NULL, 'vecino14@gmail.com'),
(14, 5, NULL, '2025-12-01', NULL, 'vecino15@gmail.com'),
-- Más reclamos asignados
(28, 1, 16, '2025-12-05', '2025-12-07', 'vecino16@gmail.com'),
(33, 2, 17, '2025-12-10', '2025-12-15', 'vecino17@gmail.com'),
(4, 3, 18, '2025-12-12', '2025-12-14', 'vecino18@gmail.com'),
(36, 4, 19, '2025-12-15', '2025-12-18', 'vecino19@gmail.com'),
(15, 5, 20, '2025-12-20', '2025-12-22', 'vecino20@gmail.com');
GO